date,rstar,g,z,output gap,real rate gap,,,All results are output from the Stage 3 model.,,,,,,,,,,,,,,,Standard Errors,Date,y*,r*,g
1/1/2011,2.209663509,2.255037187,-0.043103484,-1.891956894,-2.573033075,,,Parameter Point Estimates,,,,,,,,,,,,,,,,,,,
4/1/2011,1.992938289,2.047441599,-0.052442107,-0.724601371,-1.150802647,,,a_y1,a_y2,a_r,b_pi,b_y,sigma_ygap,sigma_pi,sigma_ystar,phi,c,a_y1 + a_y2,,,,,,,,,
7/1/2011,1.755626193,1.917484089,-0.159927524,-0.473063898,0.261040474,,,1.015434052,-0.245306405,-0.202774733,0.653059212,0.251456984,1.528041097,2.145103547,0.687789588,-0.195246127,0.998993279,0.770127646,,,,,,,,,
10/1/2011,2.339222499,2.187625651,0.153799177,0.874837815,-0.055889166,,,,,,,,,,,,,,,,,,,,,,
1/1/2012,2.901855079,2.567381138,0.337058577,1.602897863,-0.934430836,,,,,,,,,,,,,,,,,,,,,,
4/1/2012,3.302377458,2.986676075,0.318708133,1.742004333,-1.502377458,,,,,,,,,,,,,,,,,,,,,,
7/1/2012,3.203236525,3.047589927,0.158714671,1.539767234,-1.136569858,,,,,,,,,,,,,,,,,,,,,,
10/1/2012,3.25086467,2.963333225,0.290514695,1.661916126,-1.25086467,,,,,,,,,,,,,,,,,,,,,,
1/1/2013,3.165397928,3.134100823,0.03445227,1.156279874,-1.165397928,,,,,,,,,,,,,,,,,,,,,,
4/1/2013,3.045645401,3.220849479,-0.171961581,0.861547361,-0.945645401,,,,,,,,,,,,,,,,,,,,,,
7/1/2013,3.389358523,3.007173164,0.385212744,1.555113704,-1.222691856,,,,,,,,,,,,,,,,,,,,,,
10/1/2013,3.36658781,2.940424246,0.429123751,1.404405625,-1.484012053,,,,,,,,,,,,,,,,,,,,,,
1/1/2014,3.519017249,2.805252285,0.71658907,1.5242655,-2.166636297,,,,,,,,,,,,,,,,,,,,,,
4/1/2014,3.891841441,2.728515501,1.166072795,2.0317372,-2.925174775,,,,,,,,,,,,,,,,,,,,,,
7/1/2014,2.829939835,2.746063683,0.086640671,0.560954401,-2.275773168,,,,,,,,,,,,,,,,,,,,,,
10/1/2014,3.437078141,2.654515859,0.785234639,1.490124148,-3.424956929,,,,,,,,,,,,,,,,,,,,,,
1/1/2015,2.027939787,2.926382592,-0.895496754,-0.063043734,-1.927939787,,,,,,,,,,,,,,,,,,,,,,
4/1/2015,2.710253523,2.717482871,-0.004493601,1.231284991,-2.810253523,,,,,,,,,,,,,,,,,,,,,,
7/1/2015,2.247505089,2.522937227,-0.272892244,0.815131896,-2.714171756,,,Signal-to-noise Ratios,,,,Log Likelihood,,,,,,,,,,,,,,,
10/1/2015,1.81899105,2.626558711,-0.804923449,0.388057711,-2.075340257,,,lambda_g,0.084227527,,,-252.9625041,,,,,,,,,,,,,,,
1/1/2016,1.52704298,2.676577682,-1.146840135,0.398213571,-1.42704298,,,lambda_z,0.138263133,,,,,,,,,,,,,,,,,,
4/1/2016,0.980899545,2.530920693,-1.547473217,-0.137370121,-0.714232878,,,,,,,,,,,,,,,,,,,,,,
7/1/2016,0.649716523,2.597083959,-1.944752897,-0.545428177,-0.183049856,,,,,,,,,,,,,,,,,,,,,,
10/1/2016,-0.261549034,2.611241219,-2.870161462,-1.596774973,0.794882367,,,State vector: [y_{t}* y_{t-1}* y_{t-2}* g_{t} g_{t-1} g_{t-2} z_{t} z_{t-1} z_{t-2}],,,,,,,,,,,,,,,,,,,
1/1/2017,-0.44582641,2.389315883,-2.832736919,-1.943580714,0.774225306,,,Initial State Vector,,,,,,,,,,,,,,,,,,,
4/1/2017,-0.209209307,2.477311501,-2.684026846,-1.544810148,-0.016548269,,,1056.016247,1055.330599,1054.644393,0.685647371,0.68620664,0.686417606,0,0,0,,,,,,,,,,,
7/1/2017,-0.302069854,2.642842331,-2.94225158,-1.087534851,0.102069854,,,,,,,,,,,,,,,,,,,,,,
10/1/2017,0.107420243,2.477810052,-2.367895346,-0.173554233,-0.174086909,,,Initial Covariance Matrix,,,,,,,,,,,,,,,,,,,
1/1/2018,0.44869699,2.501081686,-2.049866805,0.421458015,-0.54869699,,,0.87298866,0.2,0,0.2,0.2,0,0,0,0,,,,,,,,,,,
4/1/2018,0.664478407,2.516566509,-1.849554621,0.859764387,-0.964478407,,,0.2,0.2,0,0,0,0,0,0,0,,,,,,,,,,,
7/1/2018,0.328984195,2.394154836,-2.062760395,0.384357821,-0.828984195,,,0,0,0.2,0,0,0,0,0,0,,,,,,,,,,,
10/1/2018,0.476655834,2.503533283,-2.024357089,0.546787594,-0.742564925,,,0.2,0,0,0.203355512,0.2,0,0,0,0,,,,,,,,,,,
1/1/2019,-0.620843913,2.489647276,-3.107984809,-0.74931023,0.741298459,,,0.2,0,0,0.2,0.2,0,0,0,0,,,,,,,,,,,
4/1/2019,0.631574424,2.414550394,-1.780545191,0.700280581,-0.623241091,,,0,0,0,0,0,0.2,0,0,0,,,,,,,,,,,
7/1/2019,-0.160897945,2.397855513,-2.556339487,-0.264853997,-0.287250204,,,0,0,0,0,0,0,1.277162455,0.2,0,,,,,,,,,,,
10/1/2019,-1.615553227,1.832995933,-3.446703845,-2.762550638,0.496613833,,,0,0,0,0,0,0,0.2,0.2,0,,,,,,,,,,,
1/1/2020,0.824593468,2.191239255,-1.36443982,0.286246919,-2.332926801,,,0,0,0,0,0,0,0,0,0.2,,,,,,,,,,,
4/1/2020,-1.059458603,2.156946994,-3.214234153,-1.075904603,-1.07387473,,,,,,,,,,,,,,,,,,,,,,
7/1/2020,1.43510814,2.790421963,-1.352504647,3.023955717,-3.468441473,,,,,,,,,,,,,,,,,,,,,,
10/1/2020,3.44052004,2.985201968,0.458323338,7.12842207,-5.773853374,,,,,,,,,,,,,,,,,,,,,,
1/1/2021,4.05505475,3.28226993,0.77608915,8.643622132,-6.55505475,,,,,,,,,,,,,,,,,,,,,,
4/1/2021,3.72594178,3.525962225,0.203529216,8.317808351,-6.292608447,,,,,,,,,,,,,,,,,,,,,,
7/1/2021,3.986260551,3.475615862,0.514143664,8.150298584,-6.72594309,,,,,,,,,,,,,,,,,,,,,,
10/1/2021,3.48015474,2.799353913,0.683618995,6.242084175,-5.358726168,,,,,,,,,,,,,,,,,,,,,,
1/1/2022,2.88871028,2.625463116,0.265890273,4.03557586,-2.707136781,,,,,,,,,,,,,,,,,,,,,,
4/1/2022,4.664864109,2.3050004,2.362184201,5.284164786,-2.953121685,,,,,,,,,,,,,,,,,,,,,,
7/1/2022,4.098886887,2.255524619,1.845632952,3.843150668,-1.322696411,,,,,,,,,,,,,,,,,,,,,,
10/1/2022,1.071784947,2.347067977,-1.272920187,-0.881955566,4.316811544,,,,,,,,,,,,,,,,,,,,,,
1/1/2023,-0.034758053,2.630783834,-2.662893422,-3.202894161,6.35142472,,,,,,,,,,,,,,,,,,,,,,
4/1/2023,-1.475800549,2.845796303,-4.318731929,-5.540188811,8.459133882,,,,,,,,,,,,,,,,,,,,,,
7/1/2023,-2.23439599,3.010427137,-5.241792467,-6.969842149,9.091329992,,,,,,,,,,,,,,,,,,,,,,
10/1/2023,-1.564067111,2.770258888,-4.331537121,-6.670200439,7.355295181,,,,,,,,,,,,,,,,,,,,,,
1/1/2024,-1.007452233,2.741794333,-3.746486344,-6.255163715,5.590785566,,,,,,,,,,,,,,,,,,,,,,
4/1/2024,-1.072583953,2.467453516,-3.537553432,-6.392494642,4.183657091,,,,,,,,,,,,,,,,,,,,,,
7/1/2024,-0.32669491,2.484320166,-2.808514058,-5.201000356,2.269287502,,,,,,,,,,,,,,,,,,,,,,
10/1/2024,0.134763958,2.310470224,-2.173380267,-3.915595598,1.497811799,,,,,,,,,,,,,,,,,,,,,,
1/1/2025,0.757213534,2.166724419,-1.407329598,-2.55893512,0.609453133,,,,,,,,,,,,,,,,,,,,,,
4/1/2025,-0.298860005,2.203818112,-2.500459487,-3.343116655,1.798860005,,,,,,,,,,,,,,,,,,,,,,
7/1/2025,-0.597129555,2.027767196,-2.622855355,-3.504746998,2.190462889,,,,,,,,,,,,,,,,,,,,,,
10/1/2025,-1.029345224,2.066881779,-3.09414623,-3.827509864,2.609345224,,,,,,,,,,,,,,,,,,,,,,
1/1/2026,-1.157496687,1.884595639,-3.040195064,-3.799509053,2.657496687,,,,,,,,,,,,,,,,,,,,,,
