Date,inflation,inflation.expectations,interest,gdp.log,output_gap_HP,covid.indicator
2010-01-01,2.987590622108671,2.766666666666667,0.5,10.463631816421362,-4.365862917237173,0.0
2010-04-01,3.485768366261688,3.3333333333333335,0.5793650793650794,10.49700292867097,-2.07157630842012,0.0
2010-07-01,3.3617345394894915,3.3333333333333335,1.7445165945165968,10.520205475964607,-0.8093555430578547,0.0
2010-10-01,1.6911011940124565,3.1333333333333333,2.8751984126984134,10.532033897130413,-0.6948837695597732,0.0
2011-01-01,3.157471949563284,3.7983333333333333,3.4349637681159435,10.543623039389706,-0.6092974498027814,0.0
2011-04-01,5.028751600730441,3.9,4.7421356421356435,10.557888839255769,-0.2551898141112119,0.0
2011-07-01,2.6187026096336163,3.233333333333333,5.25,10.564282246440678,-0.6812719620230112,0.0
2011-10-01,5.253779988059892,2.966666666666667,5.25,10.585797704147456,0.41825384965186174,0.0
2012-01-01,3.7031099986624127,3.0666666666666664,5.03409090909091,10.606142478377645,1.4208934389310812,0.0
2012-04-01,0.8429424129112961,3.1999999999999997,5.0,10.624508122718971,2.252319973795025,0.0
2012-07-01,0.8195352654402299,2.9333333333333336,5.0,10.632249425806323,2.0536420685411727,0.0
2012-10-01,3.3675329379304397,3.0,5.0,10.638168238387255,1.7092668487492801,0.0
2013-01-01,0.8967596307384529,3.0,5.0,10.64662488131626,1.6581649244001184,0.0
2013-04-01,0.06371286532469433,2.9,5.0,10.654960987547321,1.636369823642525,0.0
2013-07-01,4.182502871282923,2.8333333333333335,5.0,10.661084180405002,1.4354777586058631,0.0
2013-10-01,4.182558071998654,2.7999999999999994,4.682575757575757,10.664633114271698,1.0191653160621428,0.0
2014-01-01,5.345183097669448,2.983333333333333,4.335714285714286,10.667496882689148,0.5752558251185036,0.0
2014-04-01,6.517699955853429,3.033333333333333,4.0,10.675494084386768,0.6838861553266185,0.0
2014-07-01,3.5421093213205967,3.0666666666666664,3.6208333333333336,10.671254125453139,-0.3940856227361067,0.0
2014-10-01,6.503317457513291,3.033333333333333,3.0454545454545467,10.68194261245918,0.05539118089519235,0.0
2015-01-01,1.0293887305185212,2.9,3.0,10.68839660271206,0.11375863332521163,0.0
2015-04-01,5.704265047091184,3.1,3.0,10.69783692429399,0.5008012596745104,0.0
2015-07-01,5.866825067826897,3.466666666666667,3.0,10.69338361229259,-0.4738468135398577,0.0
2015-10-01,3.8997127954234267,3.5,3.2436507936507937,10.701167080303387,-0.19982660979867006,0.0
2016-01-01,3.1428784291005263,3.4,3.5,10.710883563236107,0.2900991330959002,0.0
2016-04-01,3.986637488993905,3.233333333333333,3.5,10.707357445135738,-0.5238925175016007,0.0
2016-07-01,2.9354469242521164,3.033333333333333,3.5,10.71354663267458,-0.34845354346355606,0.0
2016-10-01,1.2438642897300012,2.966666666666667,3.5,10.712904926298009,-0.8403191165310631,0.0
2017-01-01,2.886153599711605,2.9333333333333336,3.2617322291235333,10.706485893915483,-1.8960298785721363,0.0
2017-04-01,2.1201816712042687,2.9,2.6742424242424234,10.719718874439732,-0.974024171680199,0.0
2017-07-01,0.41916246659963186,2.7000000000000006,2.5,10.738331371663113,0.4982611686877192,0.0
2017-10-01,2.680349078597133,2.566666666666667,2.5,10.745228723599089,0.8117814942927737,0.0
2018-01-01,2.7730522309694416,2.6,2.5,10.757361256688009,1.6616795863546585,0.0
2018-04-01,2.7905723622366096,2.8000000000000003,2.5,10.768021038727088,2.3767649983456707,0.0
2018-07-01,3.0259958628966466,3.0,2.5,10.764981400803887,1.732935063030716,0.0
2018-10-01,2.4800874697398223,2.966666666666667,2.7007575757575766,10.777178303483637,2.620864582818072,0.0
2019-01-01,0.9168186200084971,2.7999999999999994,2.9204545454545467,10.773416359255704,1.9170104681128564,0.0
2019-04-01,4.129595664722241,2.8666666666666667,2.875,10.78653140615919,2.8993141439300985,0.0
2019-07-01,2.345838684807644,2.7999999999999994,2.3518518518518534,10.784756700576251,2.3842607380471392,0.0
2019-10-01,3.9568007441332265,2.9333333333333336,1.8143939393939401,10.744281486608552,-2.017877921147182,0.0
2020-01-01,4.376068799417587,3.1333333333333333,1.625,10.765340511176328,-0.2937698863680893,11.569120879120879
2020-04-01,1.086346923123216,2.6333333333333333,0.5,10.630826439133706,-14.163030243240193,78.7012087912088
2020-07-01,1.3556256580153692,2.533333333333333,0.5,10.679425627470222,-9.76572125766868,88.43695652173913
2020-10-01,4.80596107493354,2.8333333333333335,0.5,10.743300514029661,-3.8854452162318864,81.52119565217392
2021-01-01,4.5942418933268225,3.0,0.5,10.782322413820689,-0.5288131132340723,79.17
2021-04-01,3.6282797555875934,3.0666666666666664,0.5,10.793377460382525,0.0014743133368355643,82.45087912087912
2021-07-01,6.5344895221115085,3.6999999999999997,0.9603174603174603,10.834195629045972,3.4874310128476083,63.5429347826087
2021-10-01,11.956157507016796,4.7,2.82142857142857,10.851808590168474,4.641239515882667,33.86836956521739
2022-01-01,11.339138590893839,4.933333333333334,5.114906832298137,10.839293468518235,2.7774481497196746,29.423111111111112
2022-04-01,16.470284191895423,6.233333333333333,7.945075757575757,10.841886040956544,2.4235696762470837,27.067032967032965
2022-07-01,14.91023231719213,7.133333333333333,9.90952380952381,10.833176505366593,0.9408230544504903,26.901304347826088
2022-10-01,9.316469634643788,5.8,11.188596491228067,10.831273455942759,0.14075214338511444,14.054891304347825
2023-01-01,6.754331097689348,4.933333333333334,11.25,10.836490072972783,0.05477139703415901,11.24391304347826
2023-04-01,4.187198531451242,4.266666666666667,11.25,10.840182943889971,-0.18145198615187041,8.432934782608694
2023-07-01,2.3700067414445636,3.5,10.35693400167086,10.848796937217035,0.07654306909490316,5.621956521739129
2023-10-01,5.09938216372825,3.266666666666667,9.057894736842107,10.851263333246035,-0.27802777753045405,2.8109782608695646
2024-01-01,4.3803128646684675,3.0,7.583333333333333,10.8645865077302,0.4553128403648188,0.0
2024-04-01,4.561911406351271,3.1666666666666665,6.277739804055597,10.85744348979353,-0.8555186063887277,0.0
2024-07-01,3.9252104268620025,3.733333333333333,5.6759259259259265,10.873757868668397,0.1817657933528949,0.0
2024-10-01,4.982224148626391,3.6333333333333333,5.26590909090909,10.883097993533232,0.5244646444680257,0.0
2025-01-01,5.918619504324418,3.6333333333333333,5.0,10.893572915752403,0.9838331668079903,0.0
2025-04-01,2.650318865466428,3.5,5.0,10.896510994697055,0.6927295904992192,0.0
2025-07-01,3.3909625914017916,3.233333333333333,4.826666666666667,10.893185423503777,-0.22211937351723776,0.0
2025-10-01,1.8508316299732375,3.1333333333333333,4.713333333333334,10.898343181719875,-0.28704132922214853,0.0
2026-01-01,2.7604984631881324,3.0,4.5,10.89569616710992,-1.1317332342615671,0.0
